id,name,read,pattern,sequence,feature_type
C0006,CD86,R2,^NNNNNNNNNN(BC)NNNNNNNNN,GTCTTTGTCAGTGCA,Antibody Capture
C0007,CD274,R2,^NNNNNNNNNN(BC)NNNNNNNNN,GTTGTCCGACAATAC,Antibody Capture
C0009,CD275,R2,^NNNNNNNNNN(BC)NNNNNNNNN,GTGCATTCAACAGTA,Antibody Capture
C0020,TNFRSF14,R2,^NNNNNNNNNN(BC)NNNNNNNNN,TGATAGAAACAGACC,Antibody Capture
C0023,PVR,R2,^NNNNNNNNNN(BC)NNNNNNNNN,ATCACATCGTTGCCA,Antibody Capture
C0024,NECTIN2,R2,^NNNNNNNNNN(BC)NNNNNNNNN,AACCTTCCGTCTAAG,Antibody Capture
C0026,CD47,R2,^NNNNNNNNNN(BC)NNNNNNNNN,GCATTCTGTCACCTA,Antibody Capture
C0029,CD48,R2,^NNNNNNNNNN(BC)NNNNNNNNN,CTACGACGTAGAAGA,Antibody Capture
C0031,CD40,R2,^NNNNNNNNNN(BC)NNNNNNNNN,CTCAGATGGAGTATG,Antibody Capture
C0032,CD40LG,R2,^NNNNNNNNNN(BC)NNNNNNNNN,GCTAGATAGATGCAA,Antibody Capture
C0033,CD52,R2,^NNNNNNNNNN(BC)NNNNNNNNN,CTTTGTACGAGCAAA,Antibody Capture
C0034,CD3D,R2,^NNNNNNNNNN(BC)NNNNNNNNN,CTCATTGTAACTCCT,Antibody Capture
C0046,CD8A,R2,^NNNNNNNNNN(BC)NNNNNNNNN,GCGCAACTTGATGAT,Antibody Capture
C0047,CD56,R2,^NNNNNNNNNN(BC)NNNNNNNNN,TCCTTTCCTGATAGG,Antibody Capture
C0050,CD19,R2,^NNNNNNNNNN(BC)NNNNNNNNN,CTGGGCAATTACTCG,Antibody Capture
C0052,CD33,R2,^NNNNNNNNNN(BC)NNNNNNNNN,TAACTCAGGGCCTAT,Antibody Capture
C0053,ITGAX,R2,^NNNNNNNNNN(BC)NNNNNNNNN,TACGCCTATAACTTG,Antibody Capture
C0058,HLA-A,R2,^NNNNNNNNNN(BC)NNNNNNNNN,TATGCGAGGCTTATC,Antibody Capture
C0061,CD117,R2,^NNNNNNNNNN(BC)NNNNNNNNN,AGACTAATAGCTGAC,Antibody Capture
C0063,PTPRC,R2,^NNNNNNNNNN(BC)NNNNNNNNN,TCAATCCTTCCGCTT,Antibody Capture
C0064,IL3RA,R2,^NNNNNNNNNN(BC)NNNNNNNNN,CTTCACTCTGTCAGG,Antibody Capture
C0066,CD7,R2,^NNNNNNNNNN(BC)NNNNNNNNN,TGGATTCCCGGACTT,Antibody Capture
C0068,ENG,R2,^NNNNNNNNNN(BC)NNNNNNNNN,ATCGTCGAGAGCTAG,Antibody Capture
C0070,ITGA6,R2,^NNNNNNNNNN(BC)NNNNNNNNN,TTCCGAGGATGATCT,Antibody Capture
C0071,CCR4,R2,^NNNNNNNNNN(BC)NNNNNNNNN,AGCTTACCTGCACGA,Antibody Capture
C0072,CD4,R2,^NNNNNNNNNN(BC)NNNNNNNNN,TGTTCCCGCTCAACT,Antibody Capture
C0073,CD44,R2,^NNNNNNNNNN(BC)NNNNNNNNN,TGGCTTCAGGTCCTA,Antibody Capture
C0081,CD14,R2,^NNNNNNNNNN(BC)NNNNNNNNN,TCTCAGACCTCCGTA,Antibody Capture
C0083,FCGR3A,R2,^NNNNNNNNNN(BC)NNNNNNNNN,AAGTTCACTCTTTGC,Antibody Capture
C0085,IL2RA,R2,^NNNNNNNNNN(BC)NNNNNNNNN,TTTGTCCTGTACGCC,Antibody Capture
C0087,PTPRC,R2,^NNNNNNNNNN(BC)NNNNNNNNN,CTCCGAATCATGTTG,Antibody Capture
C0088,PDCD1,R2,^NNNNNNNNNN(BC)NNNNNNNNN,ACAGCGCCGTATTTA,Antibody Capture
C0089,TIGIT,R2,^NNNNNNNNNN(BC)NNNNNNNNN,TTGCTTACCGCCAGA,Antibody Capture
C0090,Iso_mIgG1,R2,^NNNNNNNNNN(BC)NNNNNNNNN,GCCGGACGACATTAA,Antibody Capture
C0091,Iso_mIgG2a,R2,^NNNNNNNNNN(BC)NNNNNNNNN,CTCCTACCTAAACTG,Antibody Capture
C0092,Iso_mIgG2b,R2,^NNNNNNNNNN(BC)NNNNNNNNN,ATATGTATCACGCGA,Antibody Capture
C0095,Iso_rIgG2b,R2,^NNNNNNNNNN(BC)NNNNNNNNN,GATTCTTGACGACCT,Antibody Capture
C0100,MS4A1,R2,^NNNNNNNNNN(BC)NNNNNNNNN,TTCTGGGTCCCTAGA,Antibody Capture
C0101,NCR1,R2,^NNNNNNNNNN(BC)NNNNNNNNN,ACAATTTGAACAGCG,Antibody Capture
C0124,PECAM1,R2,^NNNNNNNNNN(BC)NNNNNNNNN,ACCTTTATGCCACGG,Antibody Capture
C0127,PDPN,R2,^NNNNNNNNNN(BC)NNNNNNNNN,GGTTACTCGTTGTGT,Antibody Capture
C0134,MCAM,R2,^NNNNNNNNNN(BC)NNNNNNNNN,CCTTGGATAACATCA,Antibody Capture
C0136,IGHM,R2,^NNNNNNNNNN(BC)NNNNNNNNN,TAGCGAGCCCGTATA,Antibody Capture
C0138,CD5,R2,^NNNNNNNNNN(BC)NNNNNNNNN,CATTAACGGGATGCC,Antibody Capture
C0139,TCR_gamma_delta,R2,^NNNNNNNNNN(BC)NNNNNNNNN,CTTCCGATTCATTCA,Antibody Capture
C0140,CXCR3,R2,^NNNNNNNNNN(BC)NNNNNNNNN,GCGATGGTAGATTAT,Antibody Capture
C0141,CCR5,R2,^NNNNNNNNNN(BC)NNNNNNNNN,CCAAAGTAAGAGCCA,Antibody Capture
C0142,FCGR2A,R2,^NNNNNNNNNN(BC)NNNNNNNNN,GCTTCCGAATTACCG,Antibody Capture
C0143,CCR6,R2,^NNNNNNNNNN(BC)NNNNNNNNN,GATCCCTTTGTCACT,Antibody Capture
C0144,CXCR5,R2,^NNNNNNNNNN(BC)NNNNNNNNN,AATTCAACCGTCGCC,Antibody Capture
C0145,CD103,R2,^NNNNNNNNNN(BC)NNNNNNNNN,GACCTCATTGTGAAT,Antibody Capture
C0146,CD69,R2,^NNNNNNNNNN(BC)NNNNNNNNN,GTCTCTTGGCTTAAA,Antibody Capture
C0147,SELL,R2,^NNNNNNNNNN(BC)NNNNNNNNN,GTCCCTGCAACTTGA,Antibody Capture
C0149,KLRB1,R2,^NNNNNNNNNN(BC)NNNNNNNNN,GTACGCAGTCCTTCT,Antibody Capture
C0151,CTLA4,R2,^NNNNNNNNNN(BC)NNNNNNNNN,ATGGTTCACGTAATC,Antibody Capture
C0152,LAG3,R2,^NNNNNNNNNN(BC)NNNNNNNNN,CATTTGTCTGCCGGT,Antibody Capture
C0153,KLRG1,R2,^NNNNNNNNNN(BC)NNNNNNNNN,CTTATTTCCTGCCCT,Antibody Capture
C0154,CD27,R2,^NNNNNNNNNN(BC)NNNNNNNNN,GCACTCCTGCATGTA,Antibody Capture
C0155,LAMP1,R2,^NNNNNNNNNN(BC)NNNNNNNNN,CAGCCCACTGCAATA,Antibody Capture
C0156,FAS,R2,^NNNNNNNNNN(BC)NNNNNNNNN,CCAGCTCATTAGAGC,Antibody Capture
C0158,TNFRSF4,R2,^NNNNNNNNNN(BC)NNNNNNNNN,AACCCACCGTTGTTA,Antibody Capture
C0159,HLA-DRA,R2,^NNNNNNNNNN(BC)NNNNNNNNN,AATAGCGAGCAAGTA,Antibody Capture
C0160,CD1C,R2,^NNNNNNNNNN(BC)NNNNNNNNN,GAGCTACTTCACTCG,Antibody Capture
C0161,ITGAM,R2,^NNNNNNNNNN(BC)NNNNNNNNN,GACAAGTGATCTGCA,Antibody Capture
C0162,FCGR1A,R2,^NNNNNNNNNN(BC)NNNNNNNNN,AAGTATGCCCTACGA,Antibody Capture
C0163,THBD,R2,^NNNNNNNNNN(BC)NNNNNNNNN,GGATAACCGCGCTTT,Antibody Capture
C0164,CD1D,R2,^NNNNNNNNNN(BC)NNNNNNNNN,TCGAGTCGCTTATCA,Antibody Capture
C0165,CD314,R2,^NNNNNNNNNN(BC)NNNNNNNNN,CGTGTTTGTTCCTCA,Antibody Capture
C0166,CD66b,R2,^NNNNNNNNNN(BC)NNNNNNNNN,AGCTGTAAGTTTCGG,Antibody Capture
C0167,CR1,R2,^NNNNNNNNNN(BC)NNNNNNNNN,ACTTCCGTCGATCTT,Antibody Capture
C0168,B3GAT1,R2,^NNNNNNNNNN(BC)NNNNNNNNN,AACTCCCTATGGAGG,Antibody Capture
C0170,BTLA,R2,^NNNNNNNNNN(BC)NNNNNNNNN,GTTATTGGACTAAGG,Antibody Capture
C0171,ICOS,R2,^NNNNNNNNNN(BC)NNNNNNNNN,CGCGCACCCATTAAA,Antibody Capture
C0174,CD58,R2,^NNNNNNNNNN(BC)NNNNNNNNN,GTTCCTATGGACGAC,Antibody Capture
C0176,ENTPD1,R2,^NNNNNNNNNN(BC)NNNNNNNNN,TTACCTGGTATCCGT,Antibody Capture
C0179,CX3CR1,R2,^NNNNNNNNNN(BC)NNNNNNNNN,AGTATCGTCTCTGGG,Antibody Capture
C0180,CD24,R2,^NNNNNNNNNN(BC)NNNNNNNNN,AGATTCCTTCGTGTT,Antibody Capture
C0181,CR2,R2,^NNNNNNNNNN(BC)NNNNNNNNN,AACCTAGTAGTTCGG,Antibody Capture
C0185,ITGAL,R2,^NNNNNNNNNN(BC)NNNNNNNNN,TATATCCTTGTGAGC,Antibody Capture
C0187,CD79B,R2,^NNNNNNNNNN(BC)NNNNNNNNN,ATTCTTCAACCGAAG,Antibody Capture
C0189,CD244,R2,^NNNNNNNNNN(BC)NNNNNNNNN,TCGCTTGGATGGTAG,Antibody Capture
C0206,SIGLEC1,R2,^NNNNNNNNNN(BC)NNNNNNNNN,TACTCAGCGTGTTTG,Antibody Capture
C0214,ITGB7,R2,^NNNNNNNNNN(BC)NNNNNNNNN,TCCTTGGATGTACCG,Antibody Capture
C0215,TNFRSF13C,R2,^NNNNNNNNNN(BC)NNNNNNNNN,CGAAGTCGATCCGTA,Antibody Capture
C0216,GP1BB,R2,^NNNNNNNNNN(BC)NNNNNNNNN,TCCTAGTACCGAAGT,Antibody Capture
C0217,ICAM1,R2,^NNNNNNNNNN(BC)NNNNNNNNN,CTGATAGACTTGAGT,Antibody Capture
C0218,SELP,R2,^NNNNNNNNNN(BC)NNNNNNNNN,CCTTCCGTATCCCTT,Antibody Capture
C0219,IFNGR1,R2,^NNNNNNNNNN(BC)NNNNNNNNN,TGTGTATTCCCTTGT,Antibody Capture
C0224,TCR_alpha_beta,R2,^NNNNNNNNNN(BC)NNNNNNNNN,CGTAACGTAGAGCGA,Antibody Capture
C0236,Iso_rIgG1,R2,^NNNNNNNNNN(BC)NNNNNNNNN,ATCAGATGCCCTCAT,Antibody Capture
C0237,Iso_rIgG1,R2,^NNNNNNNNNN(BC)NNNNNNNNN,GGGAGCGATTCAACT,Antibody Capture
C0238,Iso_rIgG2a,R2,^NNNNNNNNNN(BC)NNNNNNNNN,AAGTCAGGTTCGTTT,Antibody Capture
C0240,Iso_rIgG2c,R2,^NNNNNNNNNN(BC)NNNNNNNNN,TCCAGGCTAGTCATT,Antibody Capture
C0241,Iso_HIgG,R2,^NNNNNNNNNN(BC)NNNNNNNNN,CCTGTCATTAAGACT,Antibody Capture
C0242,CD192,R2,^NNNNNNNNNN(BC)NNNNNNNNN,GAGTTCCCTTACCTG,Antibody Capture
C0246,IL2RB,R2,^NNNNNNNNNN(BC)NNNNNNNNN,TCATTTCCTCCGATT,Antibody Capture
C0247,TNFRSF13B,R2,^NNNNNNNNNN(BC)NNNNNNNNN,AGTGATGGAGCGAAC,Antibody Capture
C0352,FCER1A,R2,^NNNNNNNNNN(BC)NNNNNNNNN,CTCGTTTCCGTATCG,Antibody Capture
C0353,ITGA2B,R2,^NNNNNNNNNN(BC)NNNNNNNNN,ACGTTGTGGCCTTGT,Antibody Capture
C0355,TNFRSF9,R2,^NNNNNNNNNN(BC)NNNNNNNNN,CAGTAAGTTCGGGAC,Antibody Capture
C0357,CD43,R2,^NNNNNNNNNN(BC)NNNNNNNNN,GATTAACCAGCTCAT,Antibody Capture
C0358,CD163,R2,^NNNNNNNNNN(BC)NNNNNNNNN,GCTTCTCCTTCCTTA,Antibody Capture
C0359,CD83,R2,^NNNNNNNNNN(BC)NNNNNNNNN,CCACTCATTTCCGGT,Antibody Capture
C0360,CD357,R2,^NNNNNNNNNN(BC)NNNNNNNNN,ACCTTTCGACACTCG,Antibody Capture
C0363,IL4R,R2,^NNNNNNNNNN(BC)NNNNNNNNN,CCGTCCTGATAGATG,Antibody Capture
C0364,ANPEP,R2,^NNNNNNNNNN(BC)NNNNNNNNN,TTTCAACGCCCTTTC,Antibody Capture
C0367,CD2,R2,^NNNNNNNNNN(BC)NNNNNNNNN,TACGATTTGTCAGGG,Antibody Capture
C0368,CD226,R2,^NNNNNNNNNN(BC)NNNNNNNNN,TCTCAGTGTTTGTGG,Antibody Capture
C0369,ITGB1,R2,^NNNNNNNNNN(BC)NNNNNNNNN,GTATTCCCTCAGTCA,Antibody Capture
C0370,CLEC4C,R2,^NNNNNNNNNN(BC)NNNNNNNNN,GAGATGTCCGAATTT,Antibody Capture
C0371,ITGA2,R2,^NNNNNNNNNN(BC)NNNNNNNNN,GCTTTCTTCAGTATG,Antibody Capture
C0372,CD61,R2,^NNNNNNNNNN(BC)NNNNNNNNN,AGGTTGGAGTAGACT,Antibody Capture
C0373,CD81,R2,^NNNNNNNNNN(BC)NNNNNNNNN,GTATCCTTCCTTGGC,Antibody Capture
C0383,CD55,R2,^NNNNNNNNNN(BC)NNNNNNNNN,GCTCATTACCCATTA,Antibody Capture
C0384,IGHD,R2,^NNNNNNNNNN(BC)NNNNNNNNN,CAGTCTCCGTAGAGT,Antibody Capture
C0385,ITGB2,R2,^NNNNNNNNNN(BC)NNNNNNNNN,TATTGGGACACTTCT,Antibody Capture
C0386,CD28,R2,^NNNNNNNNNN(BC)NNNNNNNNN,TGAGAACGACCCTAA,Antibody Capture
C0389,CD38,R2,^NNNNNNNNNN(BC)NNNNNNNNN,TGTACCCGCTTGTGA,Antibody Capture
C0390,IL7R,R2,^NNNNNNNNNN(BC)NNNNNNNNN,GTGTGTTGTCCTATG,Antibody Capture
C0391,PTPRC,R2,^NNNNNNNNNN(BC)NNNNNNNNN,TGCAATTACCCGGAT,Antibody Capture
C0392,CD15,R2,^NNNNNNNNNN(BC)NNNNNNNNN,TCACCAGTACCTAGT,Antibody Capture
C0393,CD22,R2,^NNNNNNNNNN(BC)NNNNNNNNN,GGGTTGTTGTCTTTG,Antibody Capture
C0394,TFRC,R2,^NNNNNNNNNN(BC)NNNNNNNNN,CCGTGTTCCTCATTA,Antibody Capture
C0396,DPP4,R2,^NNNNNNNNNN(BC)NNNNNNNNN,GGTGGCTAGATAATG,Antibody Capture
C0398,CD115,R2,^NNNNNNNNNN(BC)NNNNNNNNN,AATCACGGTCCTTGT,Antibody Capture
C0404,CD63,R2,^NNNNNNNNNN(BC)NNNNNNNNN,GAGATGTCTGCAACT,Antibody Capture
C0406,CD304,R2,^NNNNNNNNNN(BC)NNNNNNNNN,GGACTAAGTTTCGTT,Antibody Capture
C0407,CD36,R2,^NNNNNNNNNN(BC)NNNNNNNNN,TTCTTTGCCTTGCCA,Antibody Capture
C0408,CD172a,R2,^NNNNNNNNNN(BC)NNNNNNNNN,CGTGTTTAACTTGAG,Antibody Capture
C0419,CD72,R2,^NNNNNNNNNN(BC)NNNNNNNNN,CAGTCGTGGTAGATA,Antibody Capture
C0420,KIR2DL1,R2,^NNNNNNNNNN(BC)NNNNNNNNN,TATCAACCAACGCTT,Antibody Capture
C0446,CD93,R2,^NNNNNNNNNN(BC)NNNNNNNNN,GCGCTACTTCCTTGA,Antibody Capture
C0447,CD200,R2,^NNNNNNNNNN(BC)NNNNNNNNN,CACGTAGACCTTTGC,Antibody Capture
C0575,ITGA1,R2,^NNNNNNNNNN(BC)NNNNNNNNN,ACTGATGGACTCAGA,Antibody Capture
C0576,ITGA4,R2,^NNNNNNNNNN(BC)NNNNNNNNN,CCATTCAACTTCCGG,Antibody Capture
C0577,NT5E,R2,^NNNNNNNNNN(BC)NNNNNNNNN,CAGTTCCTCAGTTCG,Antibody Capture
C0579,CD9,R2,^NNNNNNNNNN(BC)NNNNNNNNN,GAGTCACCAATCTGC,Antibody Capture
C0581,TCRV_alpha7_2,R2,^NNNNNNNNNN(BC)NNNNNNNNN,TACGAGCAGTATTCA,Antibody Capture
C0582,TCR_delta2,R2,^NNNNNNNNNN(BC)NNNNNNNNN,TCAGTCAGATGGTAT,Antibody Capture
C0583,TCR_VGamma9,R2,^NNNNNNNNNN(BC)NNNNNNNNN,AAGTGATGGTATCTG,Antibody Capture
C0584,TCR_VAlpha24-JAlpha18,R2,^NNNNNNNNNN(BC)NNNNNNNNN,AACTTCTGTGGTAGC,Antibody Capture
C0586,CD354,R2,^NNNNNNNNNN(BC)NNNNNNNNN,TAGCCGTTTCCTTTG,Antibody Capture
C0590,C0590,R2,^NNNNNNNNNN(BC)NNNNNNNNN,ATTTCCATTCCCTGT,Antibody Capture
C0591,OLR1,R2,^NNNNNNNNNN(BC)NNNNNNNNN,ACCCTTTACCGAATA,Antibody Capture
C0592,KIR2DL3,R2,^NNNNNNNNNN(BC)NNNNNNNNN,GACCCGTAGTTTGAT,Antibody Capture
C0599,KIR3DL1,R2,^NNNNNNNNNN(BC)NNNNNNNNN,GGACGCTTTCCTTGA,Antibody Capture
C0822,CD142,R2,^NNNNNNNNNN(BC)NNNNNNNNN,CACTGCCGTCGATTA,Antibody Capture
C0830,SLAMF7,R2,^NNNNNNNNNN(BC)NNNNNNNNN,AGTATGCCATGTCTT,Antibody Capture
C0845,CD99,R2,^NNNNNNNNNN(BC)NNNNNNNNN,ACCCGTCCCTAAGAA,Antibody Capture
C0853,CLEC12A,R2,^NNNNNNNNNN(BC)NNNNNNNNN,CATTAGAGTCTGCCA,Antibody Capture
C0864,SLAMF6,R2,^NNNNNNNNNN(BC)NNNNNNNNN,AGTTTCCACTCAGGC,Antibody Capture
C0867,KLRD1,R2,^NNNNNNNNNN(BC)NNNNNNNNN,CTTTCCGGTCCTACA,Antibody Capture
C0868,IgE,R2,^NNNNNNNNNN(BC)NNNNNNNNN,GGATGTACCGCGTAT,Antibody Capture
C0870,CD150,R2,^NNNNNNNNNN(BC)NNNNNNNNN,GTCATTGTATGTCTG,Antibody Capture
C0871,CD162,R2,^NNNNNNNNNN(BC)NNNNNNNNN,ATATGTCAGAGCACC,Antibody Capture
C0872,CD84,R2,^NNNNNNNNNN(BC)NNNNNNNNN,CTCCCTAGTTCCTTT,Antibody Capture
C0894,IGKC,R2,^NNNNNNNNNN(BC)NNNNNNNNN,AGCTCAGCCAGTATG,Antibody Capture
C0896,LILRB1,R2,^NNNNNNNNNN(BC)NNNNNNNNN,CCTTGTGAGGCTATG,Antibody Capture
C0897,FCER2,R2,^NNNNNNNNNN(BC)NNNNNNNNN,TCTGTATAACCGTCT,Antibody Capture
C0898,IGLC,R2,^NNNNNNNNNN(BC)NNNNNNNNN,CAGCCAGTAAGTCAC,Antibody Capture
C0902,SIGLEC7,R2,^NNNNNNNNNN(BC)NNNNNNNNN,CTTAGCATTTCACTG,Antibody Capture
C0912,ADGRG1,R2,^NNNNNNNNNN(BC)NNNNNNNNN,GCCTAGTTTCCGTTT,Antibody Capture
C0918,HLA-E,R2,^NNNNNNNNNN(BC)NNNNNNNNN,GAGTCGAGAAATCAT,Antibody Capture
C0920,CD82,R2,^NNNNNNNNNN(BC)NNNNNNNNN,TCCCACTTCCGCTTT,Antibody Capture
C0923,NKp80,R2,^NNNNNNNNNN(BC)NNNNNNNNN,TATAGTTCCTCTGTG,Antibody Capture
C0935,CD74,R2,^NNNNNNNNNN(BC)NNNNNNNNN,CTGTAGCATTTCCCT,Antibody Capture
C0944,CD101,R2,^NNNNNNNNNN(BC)NNNNNNNNN,CTACTTCCCTGTCAA,Antibody Capture
C1046,C5AR1,R2,^NNNNNNNNNN(BC)NNNNNNNNN,GCCGCATGAGAAACA,Antibody Capture
C1052,GGT1,R2,^NNNNNNNNNN(BC)NNNNNNNNN,CTGATGAGATGTCAG,Antibody Capture
C0251,Hashtag1_ATP1B3,R2,^NNNNNNNNNN(BC)NNNNNNNNN,GTCAACTCTTTAGCG,Multiplexing Capture
C0252,Hashtag2_ATP1B3,R2,^NNNNNNNNNN(BC)NNNNNNNNN,TGATGGCCTATTGGG,Multiplexing Capture
C0253,Hashtag3_ATP1B3,R2,^NNNNNNNNNN(BC)NNNNNNNNN,TTCCGCCTCTCTTTG,Multiplexing Capture
C0254,Hashtag4_ATP1B3,R2,^NNNNNNNNNN(BC)NNNNNNNNN,AGTAAGTTCAGCGTA,Multiplexing Capture
C0255,Hashtag5_ATP1B3,R2,^NNNNNNNNNN(BC)NNNNNNNNN,AAGTATCGTTTCGCA,Multiplexing Capture
C0256,Hashtag6_ATP1B3,R2,^NNNNNNNNNN(BC)NNNNNNNNN,GGTTGCCAGATGTCA,Multiplexing Capture
